{
  "v": 15,
  "ts": 1768124272614,
  "scale": 1.4179196176002091,
  "per": [
    {
      "x": -93.41109490945018,
      "z": -52.0
    },
    {
      "x": 87.66375478555901,
      "z": -50.21034106598509
    },
    {
      "x": 37.646658551757135,
      "z": 57.678262681111725
    },
    {
      "x": -62.96444701282854,
      "z": 54.969877141787705
    }
  ],
  "cams": [],
  "lock": false
}